<?xml version="1.0"?>
<doc>
    <assembly>
        <name>Dos.ORM.Sqlite</name>
    </assembly>
    <members>
        <member name="T:Dos.ORM.Sqlite.SqliteProvider">
            <summary>
            sqlite
            </summary>
        </member>
        <member name="M:Dos.ORM.Sqlite.SqliteProvider.CreatePageFromSection(Dos.ORM.FromSection,System.Int32,System.Int32)">
            <summary>
            创建分页查询
            </summary>
            <param name="fromSection"></param>
            <param name="startIndex"></param>
            <param name="endIndex"></param>
            <returns></returns>
        </member>
    </members>
</doc>
